Date,AAPL,GOOGL,MSFT,AMZN,FB,,,,,,,,,,
12/31/2018,157.7400055,1044.959961,101.5699997,1501.969971,131.0899963,,,,,,,,,,
1/2/2019,157.9199982,1054.680054,101.1200027,1539.130005,135.6799927,0.179992676,9.720092773,-0.449996948,37.16003418,4.589996338,,FALSE,,150,184
1/3/2019,142.1900024,1025.469971,97.40000153,1500.280029,131.7400055,-15.72999573,-29.21008301,-3.720001221,-38.84997559,-3.939987183,,TRUE,,,
1/4/2019,148.2599945,1078.069946,101.9300003,1575.390015,137.9499969,6.069992065,52.59997559,4.529998779,75.10998535,6.209991455,,TRUE,,,
1/7/2019,147.9299927,1075.920044,102.0599976,1629.51001,138.0500031,-0.330001831,-2.149902344,0.129997253,54.11999512,0.100006104,,FALSE,,,
1/8/2019,150.75,1085.369995,102.8000031,1656.579956,142.5299988,2.820007324,9.449951172,0.740005493,27.06994629,4.479995728,,TRUE,,,
1/9/2019,153.3099976,1081.650024,104.2699966,1659.420044,144.2299957,2.559997559,-3.719970703,1.469993591,2.840087891,1.699996948,,FALSE,,,
1/10/2019,153.8000031,1078.829956,103.5999985,1656.219971,144.1999969,0.490005493,-2.820068359,-0.669998169,-3.200073242,-0.029998779,,FALSE,,,
1/11/2019,152.2899933,1064.469971,102.8000031,1640.560059,143.8000031,-1.510009766,-14.35998535,-0.799995422,-15.65991211,-0.399993896,,TRUE,,,
1/14/2019,150,1051.51001,102.0500031,1617.209961,145.3899994,-2.289993286,-12.95996094,-0.75,-23.35009766,1.589996338,,FALSE,,,
1/15/2019,153.0700073,1086.51001,105.0100021,1674.560059,148.9499969,3.070007324,35,2.959999084,57.35009766,3.559997559,,TRUE,,,
1/16/2019,154.9400024,1089.51001,105.3799973,1683.780029,147.5399933,1.869995117,3,0.369995117,9.219970703,-1.410003662,,FALSE,,,
1/17/2019,155.8600006,1099.119995,106.1200027,1693.219971,148.3000031,0.919998169,9.609985352,0.740005493,9.439941406,0.760009766,,TRUE,,,
1/18/2019,156.8200073,1107.300049,107.7099991,1696.199951,150.0399933,0.960006714,8.180053711,1.589996338,2.979980469,1.739990234,,TRUE,,,
1/22/2019,153.3000031,1078.630005,105.6800003,1632.170044,147.5700073,-3.520004272,-28.67004395,-2.029998779,-64.02990723,-2.469985962,,TRUE,,,
1/23/2019,153.9199982,1084.410034,106.7099991,1640.02002,144.3000031,0.619995117,5.780029297,1.029998779,7.849975586,-3.270004272,,FALSE,,,
1/24/2019,152.6999969,1084,106.1999969,1654.930054,145.8300018,-1.220001221,-0.41003418,-0.510002136,14.91003418,1.529998779,,FALSE,,,
1/25/2019,157.7599945,1101.51001,107.1699982,1670.569946,149.0099945,5.059997559,17.51000977,0.970001221,15.63989258,3.179992676,,TRUE,,,
1/28/2019,156.3000031,1079.859985,105.0800018,1637.890015,147.4700012,-1.459991455,-21.65002441,-2.089996338,-32.67993164,-1.539993286,,TRUE,,,
1/29/2019,154.6799927,1070.060059,102.9400024,1593.880005,144.1900024,-1.620010376,-9.799926758,-2.13999939,-44.01000977,-3.279998779,,TRUE,,,
1/30/2019,165.25,1097.98999,106.3799973,1670.430054,150.4199982,10.57000732,27.92993164,3.439994812,76.55004883,6.229995728,,TRUE,,,
1/31/2019,166.4400024,1125.890015,104.4300003,1718.72998,166.6900024,1.190002441,27.90002441,-1.949996948,48.29992676,16.27000427,,FALSE,,,
2/1/2019,166.5200043,1118.619995,102.7799988,1626.22998,165.7100067,0.080001831,-7.270019531,-1.650001526,-92.5,-0.979995728,,FALSE,,,
2/4/2019,171.25,1141.420044,105.7399979,1633.310059,169.25,4.729995728,22.80004883,2.959999084,7.080078125,3.539993286,,TRUE,,,
2/5/2019,174.1799927,1151.869995,107.2200012,1658.810059,171.1600037,2.929992676,10.44995117,1.480003357,25.5,1.910003662,,TRUE,,,
2/6/2019,174.2400055,1122.890015,106.0299988,1640.26001,170.4900055,0.060012817,-28.97998047,-1.190002441,-18.55004883,-0.669998169,,FALSE,,,
2/7/2019,170.9400024,1105.910034,105.2699966,1614.369995,166.3800049,-3.300003052,-16.97998047,-0.760002136,-25.89001465,-4.11000061,,TRUE,,,
2/8/2019,170.4100037,1102.380005,105.6699982,1588.219971,167.3300018,-0.529998779,-3.530029297,0.400001526,-26.15002441,0.949996948,,FALSE,,,
2/11/2019,169.4299927,1102.119995,105.25,1591,165.7899933,-0.980010986,-0.260009766,-0.419998169,2.780029297,-1.540008545,,FALSE,,,
2/12/2019,170.8899994,1127.579956,106.8899994,1638.01001,165.0399933,1.460006714,25.45996094,1.63999939,47.01000977,-0.75,,FALSE,,,
2/13/2019,170.1799927,1128.630005,106.8099976,1640,164.0700073,-0.710006714,1.050048828,-0.080001831,1.989990234,-0.969985962,,FALSE,,,
2/14/2019,170.8000031,1129.199951,106.9000015,1622.650024,163.9499969,0.620010376,0.569946289,0.090003967,-17.34997559,-0.120010376,,FALSE,,,
2/15/2019,170.4199982,1119.630005,108.2200012,1607.949951,162.5,-0.380004883,-9.569946289,1.319999695,-14.70007324,-1.449996948,,FALSE,,,
2/19/2019,170.9299927,1126.51001,108.1699982,1627.579956,162.2899933,0.509994507,6.880004883,-0.050003052,19.63000488,-0.210006714,,FALSE,,,
2/20/2019,172.0299988,1120.589966,107.1500015,1622.099976,162.5599976,1.100006104,-5.920043945,-1.019996643,-5.479980469,0.270004272,,FALSE,,,
2/21/2019,171.0599976,1104.209961,109.4100037,1619.439941,160.0399933,-0.970001221,-16.38000488,2.260002136,-2.66003418,-2.520004272,,FALSE,,,
2/22/2019,172.9700012,1116.560059,110.9700012,1631.560059,161.8899994,1.910003662,12.35009766,1.559997559,12.12011719,1.850006104,,TRUE,,,
2/25/2019,174.2299957,1117.329956,111.5899963,1633,164.6199951,1.259994507,0.769897461,0.619995117,1.439941406,2.729995728,,TRUE,,,
2/26/2019,174.3300018,1122.01001,112.3600006,1636.400024,164.1300049,0.100006104,4.680053711,0.770004272,3.400024414,-0.489990234,,FALSE,,,
2/27/2019,174.8699951,1122.890015,112.1699982,1641.089966,162.8099976,0.539993286,0.880004883,-0.190002441,4.689941406,-1.320007324,,FALSE,,,
2/28/2019,173.1499939,1126.550049,112.0299988,1639.829956,161.4499969,-1.720001221,3.66003418,-0.13999939,-1.260009766,-1.36000061,,FALSE,,,
3/1/2019,174.9700012,1148.52002,112.5299988,1671.72998,162.2799988,1.820007324,21.9699707,0.5,31.90002441,0.830001831,,TRUE,,,
3/4/2019,175.8500061,1153.420044,112.2600021,1696.170044,167.3699951,0.880004883,4.900024414,-0.269996643,24.44006348,5.089996338,,FALSE,,,
3/5/2019,175.5299988,1169.189941,111.6999969,1692.430054,171.2599945,-0.320007324,15.76989746,-0.560005188,-3.739990234,3.88999939,,FALSE,,,
3/6/2019,174.5200043,1164.939941,111.75,1668.949951,172.5099945,-1.009994507,-4.25,0.050003052,-23.48010254,1.25,,FALSE,,,
3/7/2019,172.5,1150.849976,110.3899994,1625.949951,169.1300049,-2.020004272,-14.08996582,-1.36000061,-43,-3.379989624,,TRUE,,,
3/8/2019,172.9100037,1149.969971,110.5100021,1620.800049,169.6000061,0.410003662,-0.880004883,0.120002747,-5.149902344,0.470001221,,FALSE,,,
3/11/2019,178.8999939,1179.26001,112.8300018,1670.619995,172.0700073,5.989990234,29.29003906,2.319999695,49.81994629,2.470001221,,TRUE,,,
3/12/2019,180.9100037,1197.25,113.6200027,1673.099976,171.9199982,2.010009766,17.98999023,0.790000916,2.479980469,-0.150009155,,FALSE,,,
3/13/2019,181.7100067,1199.060059,114.5,1690.810059,173.3699951,0.800003052,1.810058594,0.879997253,17.71008301,1.449996948,,TRUE,,,
3/14/2019,183.7299957,1192.530029,114.5899963,1686.219971,170.1699982,2.019989014,-6.530029297,0.089996338,-4.590087891,-3.199996948,,FALSE,,,
3/15/2019,186.1199951,1190.300049,115.9100037,1712.359985,165.9799957,2.38999939,-2.229980469,1.320007324,26.14001465,-4.190002441,,FALSE,,,
3/18/2019,188.0200043,1188.550049,117.5699997,1742.150024,160.4700012,1.900009155,-1.75,1.659996033,29.79003906,-5.509994507,,FALSE,,,
3/19/2019,186.5299988,1202.459961,117.6500015,1761.849976,161.5700073,-1.490005493,13.90991211,0.080001831,19.69995117,1.100006104,,FALSE,,,
3/20/2019,188.1600037,1226.430054,117.5199966,1797.27002,165.4400024,1.630004883,23.97009277,-0.130004883,35.42004395,3.869995117,,FALSE,,,
3/21/2019,195.0899963,1236.130005,120.2200012,1819.26001,166.0800018,6.929992676,9.699951172,2.700004578,21.98999023,0.63999939,,TRUE,,,
3/22/2019,191.0500031,1207.650024,117.0500031,1764.77002,164.3399963,-4.039993286,-28.47998047,-3.169998169,-54.48999023,-1.740005493,,TRUE,,,
3/25/2019,188.7400055,1197.380005,117.6600037,1774.26001,166.2899933,-2.309997559,-10.27001953,0.61000061,9.489990234,1.949996948,,FALSE,,,
3/26/2019,186.7899933,1189.839966,117.9100037,1783.76001,167.6799927,-1.950012207,-7.540039063,0.25,9.5,1.38999939,,FALSE,,,
3/27/2019,188.4700012,1178.01001,116.7699966,1765.699951,165.8699951,1.680007935,-11.82995605,-1.140007019,-18.06005859,-1.809997559,,FALSE,,,
3/28/2019,188.7200012,1172.27002,116.9300003,1773.420044,165.5500031,0.25,-5.739990234,0.160003662,7.720092773,-0.319992065,,FALSE,,,
3/29/2019,189.9499969,1176.890015,117.9400024,1780.75,166.6900024,1.229995728,4.619995117,1.010002136,7.329956055,1.13999939,,TRUE,,,
4/1/2019,191.2400055,1198.97998,119.0199966,1814.189941,168.6999969,1.290008545,22.08996582,1.079994202,33.43994141,2.009994507,,TRUE,,,
4/2/2019,194.0200043,1205.540039,119.1900024,1813.97998,174.1999969,2.779998779,6.560058594,0.170005798,-0.209960938,5.5,,FALSE,,,
4/3/2019,195.3500061,1210.810059,119.9700012,1820.699951,173.5399933,1.330001831,5.270019531,0.779998779,6.719970703,-0.660003662,,FALSE,,,
4/4/2019,195.6900024,1219.449951,119.3600006,1818.859985,176.0200043,0.339996338,8.639892578,-0.61000061,-1.83996582,2.480010986,,FALSE,,,
4/5/2019,197,1211.449951,119.8899994,1837.280029,175.7200012,1.309997559,-8,0.529998779,18.42004395,-0.300003052,,FALSE,,,
4/8/2019,200.1000061,1208.280029,119.9300003,1849.859985,174.9299927,3.100006104,-3.169921875,0.040000916,12.57995605,-0.790008545,,FALSE,,,
4/9/2019,199.5,1202.689941,119.2799988,1835.839966,177.5800018,-0.600006104,-5.590087891,-0.650001526,-14.02001953,2.650009155,,FALSE,,,
4/10/2019,200.6199951,1206.449951,120.1900024,1847.329956,177.8200073,1.119995117,3.760009766,0.910003662,11.48999023,0.240005493,,TRUE,,,
4/11/2019,198.9499969,1209.589966,120.3300018,1844.069946,177.5099945,-1.669998169,3.140014648,0.13999939,-3.260009766,-0.310012817,,FALSE,,,
4/12/2019,198.8699951,1222.72998,120.9499969,1843.060059,179.1000061,-0.080001831,13.14001465,0.619995117,-1.009887695,1.590011597,,FALSE,,,
4/15/2019,199.2299957,1226.530029,121.0500031,1844.869995,179.6499939,0.36000061,3.800048828,0.100006104,1.809936523,0.549987793,,TRUE,,,
4/16/2019,199.25,1231.910034,120.7699966,1863.040039,178.8699951,0.020004272,5.380004883,-0.280006409,18.17004395,-0.779998779,,FALSE,,,
4/17/2019,203.1300049,1240.140015,121.7699966,1864.819946,178.7799988,3.880004883,8.229980469,1,1.779907227,-0.089996338,,FALSE,,,
4/18/2019,203.8600006,1241.469971,123.3700027,1861.689941,178.2799988,0.729995728,1.329956055,1.600006104,-3.130004883,-0.5,,FALSE,,,
4/22/2019,204.5299988,1253.76001,123.7600021,1887.310059,181.4400024,0.669998169,12.29003906,0.38999939,25.62011719,3.160003662,,TRUE,,,
4/23/2019,207.4799957,1270.589966,125.4400024,1923.77002,183.7799988,2.949996948,16.82995605,1.680000305,36.45996094,2.339996338,,TRUE,,,
4/24/2019,207.1600037,1260.050049,125.0100021,1901.75,182.5800018,-0.319992065,-10.53991699,-0.430000305,-22.02001953,-1.199996948,,TRUE,,,
4/25/2019,205.2799988,1267.339966,129.1499939,1902.25,193.2599945,-1.880004883,7.289916992,4.13999176,0.5,10.67999268,,FALSE,,,
4/26/2019,204.3000031,1277.420044,129.8899994,1950.630005,191.4900055,-0.979995728,10.08007813,0.740005493,48.38000488,-1.769989014,,FALSE,,,
4/29/2019,204.6100006,1296.199951,129.7700043,1938.430054,194.7799988,0.309997559,18.77990723,-0.119995117,-12.19995117,3.289993286,,FALSE,,,
4/30/2019,200.6699982,1198.959961,130.6000061,1926.52002,193.3999939,-3.940002441,-97.23999023,0.830001831,-11.91003418,-1.380004883,,FALSE,,,
5/1/2019,210.5200043,1173.319946,127.8799973,1911.52002,193.0299988,9.850006104,-25.64001465,-2.72000885,-15,-0.369995117,,FALSE,,,
5/2/2019,209.1499939,1166.51001,126.2099991,1900.819946,192.5299988,-1.370010376,-6.809936523,-1.669998169,-10.70007324,-0.5,,TRUE,,,
5/3/2019,211.75,1189.550049,128.8999939,1962.459961,195.4700012,2.600006104,23.04003906,2.689994812,61.64001465,2.940002441,,TRUE,,,
5/6/2019,208.4799957,1193.459961,128.1499939,1950.550049,193.8800049,-3.270004272,3.909912109,-0.75,-11.90991211,-1.589996338,,FALSE,,,
5/7/2019,202.8600006,1178.859985,125.5199966,1921,189.7700043,-5.619995117,-14.59997559,-2.629997253,-29.55004883,-4.11000061,,TRUE,,,
5/8/2019,202.8999939,1170.780029,125.5100021,1917.77002,189.5399933,0.039993286,-8.079956055,-0.009994507,-3.229980469,-0.230010986,,FALSE,,,
5/9/2019,200.7200012,1167.969971,125.5,1899.869995,188.6499939,-2.179992676,-2.810058594,-0.010002136,-17.90002441,-0.88999939,,TRUE,,,
5/10/2019,197.1799927,1167.640015,127.1299973,1889.97998,188.3399963,-3.540008545,-0.329956055,1.629997253,-9.890014648,-0.309997559,,FALSE,,,
5/13/2019,185.7200012,1136.589966,123.3499985,1822.680054,181.5399933,-11.45999146,-31.05004883,-3.779998779,-67.29992676,-6.800003052,,TRUE,,,
5/14/2019,188.6600037,1124.859985,124.7300034,1840.119995,180.7299957,2.940002441,-11.72998047,1.380004883,17.43994141,-0.809997559,,FALSE,,,
5/15/2019,190.9199982,1170.800049,126.0199966,1871.150024,186.2700043,2.259994507,45.94006348,1.289993286,31.0300293,5.540008545,,TRUE,,,
5/16/2019,190.0800018,1184.5,128.9299927,1907.569946,186.9900055,-0.839996338,13.69995117,2.909996033,36.41992188,0.720001221,,FALSE,,,
5/17/2019,189,1168.780029,128.0700073,1869,185.3000031,-1.080001831,-15.7199707,-0.859985352,-38.56994629,-1.690002441,,TRUE,,,
5/20/2019,183.0899963,1144.660034,126.2200012,1858.969971,182.7200012,-5.910003662,-24.11999512,-1.850006104,-10.0300293,-2.580001831,,TRUE,,,
5/21/2019,186.6000061,1154.439941,126.9000015,1857.52002,184.8200073,3.510009766,9.779907227,0.680000305,-1.449951172,2.100006104,,FALSE,,,
5/22/2019,182.7799988,1155.849976,127.6699982,1859.680054,185.3200073,-3.820007324,1.41003418,0.769996643,2.16003418,0.5,,FALSE,,,
5/23/2019,179.6600037,1145.339966,126.1800003,1815.47998,180.8699951,-3.119995117,-10.51000977,-1.489997864,-44.20007324,-4.450012207,,TRUE,,,
5/24/2019,178.9700012,1138.609985,126.2399979,1823.280029,181.0599976,-0.690002441,-6.729980469,0.059997559,7.800048828,0.190002441,,FALSE,,,
5/28/2019,178.2299957,1139.560059,126.1600037,1836.430054,184.3099976,-0.740005493,0.950073242,-0.079994202,13.15002441,3.25,,FALSE,,,
5/29/2019,177.3800049,1119.939941,124.9400024,1819.189941,182.1900024,-0.849990845,-19.62011719,-1.220001221,-17.2401123,-2.119995117,,TRUE,,,
5/30/2019,178.3000031,1121.410034,125.7300034,1816.319946,183.0099945,0.919998169,1.470092773,0.790000916,-2.869995117,0.819992065,,FALSE,,,
5/31/2019,175.0700073,1106.5,123.6800003,1775.069946,177.4700012,-3.229995728,-14.91003418,-2.050003052,-41.25,-5.539993286,,TRUE,,,
6/3/2019,173.3000031,1038.73999,119.8399963,1692.689941,164.1499939,-1.770004272,-67.76000977,-3.840003967,-82.38000488,-13.32000732,,TRUE,,,
6/4/2019,179.6399994,1054.48999,123.1600037,1729.560059,167.5,6.339996338,15.75,3.320007324,36.87011719,3.350006104,,TRUE,,,
6/5/2019,182.5399933,1044.640015,125.8300018,1738.5,168.1699982,2.899993896,-9.849975586,2.669998169,8.939941406,0.669998169,,FALSE,,,
6/6/2019,185.2200012,1047.76001,127.8199997,1754.359985,168.3300018,2.680007935,3.119995117,1.989997864,15.85998535,0.160003662,,TRUE,,,
6/7/2019,190.1499939,1068.369995,131.3999939,1804.030029,173.3500061,4.929992676,20.60998535,3.579994202,49.67004395,5.020004272,,TRUE,,,
6/10/2019,192.5800018,1082.76001,132.6000061,1860.630005,174.8200073,2.430007935,14.39001465,1.200012207,56.59997559,1.470001221,,TRUE,,,
6/11/2019,194.8099976,1081.040039,132.1000061,1863.699951,178.1000061,2.229995728,-1.719970703,-0.5,3.069946289,3.279998779,,FALSE,,,
6/12/2019,194.1900024,1079.099976,131.4900055,1855.319946,175.0399933,-0.619995117,-1.940063477,-0.61000061,-8.380004883,-3.060012817,,TRUE,,,
6/13/2019,194.1499939,1091.01001,132.3200073,1870.300049,177.4700012,-0.040008545,11.91003418,0.830001831,14.98010254,2.430007935,,FALSE,,,
6/14/2019,192.7400055,1086.300049,132.4499969,1869.670044,181.3300018,-1.409988403,-4.709960938,0.129989624,-0.630004883,3.86000061,,FALSE,,,
6/17/2019,193.8899994,1093.890015,132.8500061,1886.030029,189.0099945,1.149993896,7.58996582,0.400009155,16.35998535,7.679992676,,TRUE,,,
6/18/2019,198.4499969,1105.23999,135.1600037,1901.369995,188.4700012,4.559997559,11.34997559,2.309997559,15.33996582,-0.539993286,,FALSE,,,
6/19/2019,197.8699951,1104.51001,135.6900024,1908.790039,187.4799957,-0.580001831,-0.729980469,0.529998779,7.420043945,-0.990005493,,FALSE,,,
6/20/2019,199.4600067,1113.199951,136.9499969,1918.189941,189.5299988,1.590011597,8.689941406,1.259994507,9.399902344,2.050003052,,TRUE,,,
6/21/2019,198.7799988,1125.369995,136.9700012,1911.300049,191.1399994,-0.680007935,12.17004395,0.020004272,-6.889892578,1.61000061,,FALSE,,,
6/24/2019,198.5800018,1116.699951,137.7799988,1913.900024,192.6000061,-0.199996948,-8.670043945,0.809997559,2.599975586,1.460006714,,FALSE,,,
6/25/2019,195.5700073,1087.579956,133.4299927,1878.27002,188.8399963,-3.009994507,-29.11999512,-4.350006104,-35.63000488,-3.760009766,,TRUE,,,
6/26/2019,199.8000031,1080.319946,133.9299927,1897.829956,187.6600037,4.229995728,-7.260009766,0.5,19.55993652,-1.179992676,,FALSE,,,
6/27/2019,199.7400055,1076.630005,134.1499939,1904.280029,189.5,-0.059997559,-3.689941406,0.220001221,6.450073242,1.839996338,,FALSE,,,
6/28/2019,197.9199982,1082.800049,133.9600067,1893.630005,193,-1.820007324,6.170043945,-0.189987183,-10.65002441,3.5,,FALSE,,,
7/1/2019,201.5500031,1100,135.6799927,1922.189941,193,3.630004883,17.19995117,1.719985962,28.55993652,0,,FALSE,,,
7/2/2019,202.7299957,1112.599976,136.5800018,1934.310059,195,1.179992676,12.59997559,0.900009155,12.12011719,2,,TRUE,,,
7/3/2019,204.4100037,1122.98999,137.4600067,1939,197.1999969,1.680007935,10.39001465,0.880004883,4.689941406,2.199996948,,TRUE,,,
7/5/2019,204.2299957,1132.670044,137.0599976,1942.910034,196.3999939,-0.180007935,9.680053711,-0.400009155,3.91003418,-0.800003052,,FALSE,,,
7/8/2019,200.0200043,1116.790039,136.9600067,1952.319946,195.7599945,-4.209991455,-15.88000488,-0.099990845,9.409912109,-0.63999939,,FALSE,,,
7/9/2019,201.2400055,1124.290039,136.4600067,1988.300049,199.2100067,1.220001221,7.5,-0.5,35.98010254,3.450012207,,FALSE,,,
7/10/2019,203.2299957,1140.910034,137.8500061,2017.410034,202.7299957,1.989990234,16.61999512,1.38999939,29.10998535,3.519989014,,TRUE,,,
7/11/2019,201.75,1144.079956,138.3999939,2001.069946,201.2299957,-1.479995728,3.169921875,0.549987793,-16.34008789,-1.5,,FALSE,,,
7/12/2019,203.3000031,1145.339966,138.8999939,2011,204.8699951,1.550003052,1.260009766,0.5,9.930053711,3.63999939,,TRUE,,,
7/15/2019,205.2100067,1150.51001,138.8999939,2020.98999,203.9100037,1.910003662,5.170043945,0,9.989990234,-0.959991455,,FALSE,,,
7/16/2019,204.5,1153.459961,137.0800018,2009.900024,203.8399963,-0.710006714,2.949951172,-1.819992065,-11.08996582,-0.070007324,,FALSE,,,
7/17/2019,203.3500061,1146.73999,136.2700043,1992.030029,201.8000031,-1.149993896,-6.719970703,-0.809997559,-17.86999512,-2.039993286,,TRUE,,,
7/18/2019,205.6600037,1147.23999,136.4199982,1977.900024,200.7799988,2.309997559,0.5,0.149993896,-14.13000488,-1.020004272,,FALSE,,,
7/19/2019,202.5899963,1131.550049,136.6199951,1964.52002,198.3600006,-3.070007324,-15.68994141,0.199996948,-13.38000488,-2.419998169,,FALSE,,,
7/22/2019,207.2200012,1139.209961,138.4299927,1985.630005,202.3200073,4.630004883,7.659912109,1.809997559,21.10998535,3.960006714,,TRUE,,,
7/23/2019,208.8399963,1148.050049,139.2899933,1994.48999,202.3600006,1.619995117,8.840087891,0.86000061,8.859985352,0.039993286,,TRUE,,,
7/24/2019,208.6699982,1139.72998,140.7200012,2000.810059,204.6600037,-0.169998169,-8.320068359,1.430007935,6.320068359,2.300003052,,FALSE,,,
7/25/2019,207.0200043,1135.939941,140.1900024,1973.819946,200.7100067,-1.649993896,-3.790039063,-0.529998779,-26.9901123,-3.949996948,,TRUE,,,
7/26/2019,207.7400055,1245.219971,141.3399963,1943.050049,199.75,0.720001221,109.2800293,1.149993896,-30.76989746,-0.960006714,,FALSE,,,
7/29/2019,209.6799927,1241.839966,141.0299988,1912.449951,195.9400024,1.939987183,-3.380004883,-0.309997559,-30.60009766,-3.809997559,,FALSE,,,
7/30/2019,208.7799988,1228,140.3500061,1898.530029,197.0399933,-0.899993896,-13.83996582,-0.679992676,-13.91992188,1.099990845,,FALSE,,,
7/31/2019,213.0399933,1218.199951,136.2700043,1866.780029,194.2299957,4.259994507,-9.800048828,-4.080001831,-31.75,-2.809997559,,FALSE,,,
8/1/2019,208.4299927,1211.780029,138.0599976,1855.319946,192.7299957,-4.61000061,-6.419921875,1.789993286,-11.46008301,-1.5,,FALSE,,,
8/2/2019,204.0200043,1196.319946,136.8999939,1823.23999,189.0200043,-4.409988403,-15.46008301,-1.160003662,-32.07995605,-3.709991455,,TRUE,,,
8/5/2019,193.3399963,1154.75,132.2100067,1765.130005,181.7299957,-10.68000793,-41.56994629,-4.689987183,-58.10998535,-7.290008545,,TRUE,,,
8/6/2019,197,1171.079956,134.6900024,1787.829956,184.5099945,3.660003662,16.32995605,2.479995728,22.69995117,2.779998779,,TRUE,,,
8/7/2019,199.0399933,1175.910034,135.2799988,1793.400024,185.1499939,2.039993286,4.830078125,0.589996338,5.570068359,0.63999939,,TRUE,,,
8/8/2019,203.4299927,1206.189941,138.8899994,1832.890015,190.1600037,4.38999939,30.27990723,3.61000061,39.48999023,5.010009766,,TRUE,,,
8/9/2019,200.9900055,1188.900024,137.7100067,1807.579956,187.8500061,-2.439987183,-17.28991699,-1.179992676,-25.31005859,-2.309997559,,TRUE,,,
8/12/2019,200.4799957,1174.5,135.7899933,1784.920044,185.3699951,-0.510009766,-14.40002441,-1.920013428,-22.65991211,-2.480010986,,TRUE,,,
8/13/2019,208.9700012,1196.72998,138.6000061,1824.339966,188.4499969,8.490005493,22.22998047,2.810012817,39.41992188,3.080001831,,TRUE,,,
8/14/2019,202.75,1164.25,133.9799957,1762.959961,179.7100067,-6.220001221,-32.47998047,-4.620010376,-61.38000488,-8.739990234,,TRUE,,,
8/15/2019,201.7400055,1169.319946,133.6799927,1776.119995,182.5899963,-1.009994507,5.069946289,-0.300003052,13.16003418,2.879989624,,FALSE,,,
8/16/2019,206.5,1179.209961,136.1300049,1792.569946,183.6999969,4.759994507,9.890014648,2.450012207,16.44995117,1.11000061,,TRUE,,,
8/19/2019,210.3500061,1200.439941,138.4100037,1816.119995,186.1699982,3.850006104,21.22998047,2.279998779,23.55004883,2.470001221,,TRUE,,,
8/20/2019,210.3600006,1183.530029,137.2599945,1801.380005,183.8099976,0.009994507,-16.90991211,-1.150009155,-14.73999023,-2.36000061,,FALSE,,,
8/21/2019,212.6399994,1191.579956,138.7899933,1823.540039,183.5500031,2.279998779,8.049926758,1.529998779,22.16003418,-0.259994507,,FALSE,,,
8/22/2019,212.4600067,1191.52002,137.7799988,1804.660034,182.0399933,-0.179992676,-0.059936523,-1.009994507,-18.88000488,-1.510009766,,TRUE,,,
8/23/2019,202.6399994,1153.579956,133.3899994,1749.619995,177.75,-9.820007324,-37.94006348,-4.38999939,-55.04003906,-4.289993286,,TRUE,,,
8/26/2019,206.4900055,1171.180054,135.4499969,1768.869995,180.3600006,3.850006104,17.60009766,2.059997559,19.25,2.61000061,,TRUE,,,
8/27/2019,204.1600037,1170.819946,135.7400055,1761.829956,181.3000031,-2.330001831,-0.360107422,0.290008545,-7.040039063,0.940002441,,FALSE,,,
8/28/2019,205.5299988,1173.75,135.5599976,1764.25,181.7599945,1.369995117,2.930053711,-0.180007935,2.420043945,0.459991455,,FALSE,,,
8/29/2019,209.0099945,1194.23999,138.1199951,1786.400024,185.5700073,3.479995728,20.48999023,2.559997559,22.15002441,3.810012817,,TRUE,,,
8/30/2019,208.7400055,1190.530029,137.8600006,1776.290039,185.6699982,-0.269989014,-3.709960938,-0.259994507,-10.10998535,0.099990845,,FALSE,,,
9/3/2019,205.6999969,1169.550049,136.0399933,1789.839966,182.3899994,-3.040008545,-20.97998047,-1.820007324,13.54992676,-3.279998779,,FALSE,,,
9/4/2019,209.1900024,1182.27002,137.6300049,1800.619995,187.1399994,3.490005493,12.7199707,1.590011597,10.7800293,4.75,,TRUE,,,
9/5/2019,213.2799988,1212.189941,140.0500031,1840.719971,190.8999939,4.089996338,29.91992188,2.419998169,40.09997559,3.759994507,,TRUE,,,
9/6/2019,213.2599945,1206.319946,139.1000061,1833.51001,187.4900055,-0.020004272,-5.869995117,-0.949996948,-7.209960938,-3.409988403,,TRUE,,,
9/9/2019,214.1699982,1205.27002,137.5200043,1831.349976,188.7599945,0.910003662,-1.049926758,-1.580001831,-2.16003418,1.269989014,,FALSE,,,
9/10/2019,216.6999969,1205.699951,136.0800018,1820.550049,186.1699982,2.529998779,0.429931641,-1.440002441,-10.79992676,-2.589996338,,FALSE,,,
9/11/2019,223.5899963,1220,136.1199951,1822.98999,188.4900055,6.88999939,14.30004883,0.039993286,2.439941406,2.320007324,,TRUE,,,
9/12/2019,223.0899963,1234.969971,137.5200043,1843.550049,187.4700012,-0.5,14.9699707,1.400009155,20.56005859,-1.020004272,,FALSE,,,
9/13/2019,218.75,1240.030029,137.3200073,1839.339966,187.1900024,-4.339996338,5.060058594,-0.199996948,-4.210083008,-0.279998779,,FALSE,,,
9/16/2019,219.8999939,1231.630005,136.3300018,1807.839966,186.2200012,1.149993896,-8.400024414,-0.990005493,-31.5,-0.970001221,,FALSE,,,
9/17/2019,220.6999969,1229.880005,137.3899994,1822.550049,188.0800018,0.800003052,-1.75,1.059997559,14.71008301,1.86000061,,FALSE,,,
9/18/2019,222.7700043,1232.650024,138.5200043,1817.459961,188.1399994,2.070007324,2.770019531,1.130004883,-5.090087891,0.059997559,,FALSE,,,
9/19/2019,220.9600067,1238.75,141.0700073,1821.5,190.1399994,-1.809997559,6.099975586,2.550003052,4.040039063,2,,FALSE,,,
9/20/2019,217.7299957,1229.839966,139.4400024,1794.160034,189.9299927,-3.230010986,-8.91003418,-1.630004883,-27.33996582,-0.210006714,,TRUE,,,
9/23/2019,218.7200012,1234.689941,139.1399994,1785.300049,186.8200073,0.990005493,4.849975586,-0.300003052,-8.859985352,-3.109985352,,FALSE,,,
9/24/2019,217.6799927,1218.329956,137.3800049,1741.609985,181.2799988,-1.040008545,-16.35998535,-1.759994507,-43.69006348,-5.540008545,,TRUE,,,
9/25/2019,221.0299988,1245.939941,139.3600006,1768.329956,182.8000031,3.350006104,27.60998535,1.979995728,26.7199707,1.520004272,,TRUE,,,
9/26/2019,219.8899994,1242.290039,139.5399933,1739.839966,180.1100006,-1.13999939,-3.649902344,0.179992676,-28.48999023,-2.690002441,,FALSE,,,
9/27/2019,218.8200073,1225.949951,137.7299957,1725.449951,177.1000061,-1.069992065,-16.34008789,-1.809997559,-14.39001465,-3.009994507,,TRUE,,,
9/30/2019,223.9700012,1221.140015,139.0299988,1735.910034,178.0800018,5.149993896,-4.809936523,1.300003052,10.46008301,0.979995728,,FALSE,,,
10/1/2019,224.5899963,1206,137.0700073,1735.650024,175.8099976,0.619995117,-15.14001465,-1.959991455,-0.260009766,-2.270004272,,FALSE,,,
10/2/2019,218.9600067,1177.920044,134.6499939,1713.22998,174.6000061,-5.629989624,-28.07995605,-2.420013428,-22.42004395,-1.209991455,,TRUE,,,
10/3/2019,220.8200073,1189.430054,136.2799988,1724.420044,179.3800049,1.86000061,11.51000977,1.630004883,11.19006348,4.779998779,,TRUE,,,
10/4/2019,227.0099945,1210.959961,138.1199951,1739.650024,180.4499969,6.189987183,21.52990723,1.839996338,15.22998047,1.069992065,,TRUE,,,
10/7/2019,227.0599976,1208.25,137.1199951,1732.660034,179.6799927,0.050003052,-2.709960938,-1,-6.989990234,-0.770004272,,FALSE,,,
10/8/2019,224.3999939,1190.130005,135.6699982,1705.51001,177.75,-2.660003662,-18.11999512,-1.449996948,-27.15002441,-1.929992676,,TRUE,,,
10/9/2019,227.0299988,1202.400024,138.2400055,1721.98999,179.8500061,2.630004883,12.27001953,2.570007324,16.47998047,2.100006104,,TRUE,,,
10/10/2019,230.0899963,1209.469971,139.1000061,1720.26001,180.0299988,3.059997559,7.069946289,0.86000061,-1.729980469,0.179992676,,FALSE,,,
10/11/2019,236.2100067,1215.709961,139.6799927,1731.920044,184.1900024,6.120010376,6.239990234,0.579986572,11.66003418,4.160003662,,TRUE,,,
10/14/2019,235.8699951,1217.77002,139.5500031,1736.430054,183.2799988,-0.340011597,2.060058594,-0.129989624,4.510009766,-0.910003662,,FALSE,,,
10/15/2019,235.3200073,1242.23999,141.5700073,1767.380005,188.8899994,-0.549987793,24.4699707,2.020004272,30.94995117,5.61000061,,FALSE,,,
10/16/2019,234.3699951,1243,140.4100037,1777.430054,189.5500031,-0.950012207,0.760009766,-1.160003662,10.05004883,0.660003662,,FALSE,,,
10/17/2019,235.2799988,1252.800049,139.6900024,1787.47998,190.3899994,0.910003662,9.800048828,-0.720001221,10.04992676,0.839996338,,FALSE,,,
10/18/2019,236.4100037,1244.410034,137.4100037,1757.51001,185.8500061,1.130004883,-8.390014648,-2.279998779,-29.9699707,-4.539993286,,FALSE,,,
10/21/2019,240.5099945,1244.280029,138.4299927,1785.660034,189.7599945,4.099990845,-0.130004883,1.019989014,28.15002441,3.909988403,,FALSE,,,
10/22/2019,239.9600067,1241.199951,136.3699951,1765.72998,182.3399963,-0.549987793,-3.080078125,-2.059997559,-19.93005371,-7.419998169,,TRUE,,,
10/23/2019,243.1799927,1257.630005,137.2400055,1762.170044,186.1499939,3.219985962,16.43005371,0.870010376,-3.559936523,3.809997559,,FALSE,,,
10/24/2019,243.5800018,1259.109985,139.9400024,1780.780029,186.3800049,0.400009155,1.479980469,2.699996948,18.60998535,0.230010986,,TRUE,,,
10/25/2019,246.5800018,1264.300049,140.7299957,1761.329956,187.8899994,3,5.190063477,0.789993286,-19.45007324,1.509994507,,FALSE,,,
10/28/2019,249.0500031,1288.97998,144.1900024,1777.079956,189.3999939,2.470001221,24.67993164,3.460006714,15.75,1.509994507,,TRUE,,,
10/29/2019,243.2899933,1260.660034,142.8300018,1762.709961,189.3099976,-5.760009766,-28.31994629,-1.36000061,-14.36999512,-0.089996338,,TRUE,,,
10/30/2019,243.2599945,1260.699951,144.6100006,1779.98999,188.25,-0.029998779,0.039916992,1.779998779,17.2800293,-1.059997559,,FALSE,,,
10/31/2019,248.7599945,1258.800049,143.3699951,1776.660034,191.6499939,5.5,-1.899902344,-1.240005493,-3.329956055,3.399993896,,FALSE,,,
11/1/2019,255.8200073,1272.25,143.7200012,1791.439941,193.6199951,7.060012817,13.44995117,0.350006104,14.77990723,1.970001221,,TRUE,,,
11/4/2019,257.5,1289.609985,144.5500031,1804.660034,194.7200012,1.679992676,17.35998535,0.830001831,13.22009277,1.100006104,,TRUE,,,
11/5/2019,257.1300049,1291.439941,144.4600067,1801.709961,194.3200073,-0.369995117,1.829956055,-0.089996338,-2.950073242,-0.399993896,,FALSE,,,
11/6/2019,257.2399902,1291.01001,144.0599976,1795.77002,191.5500031,0.109985352,-0.429931641,-0.400009155,-5.939941406,-2.770004272,,FALSE,,,
11/7/2019,259.4299927,1306.939941,144.2599945,1788.199951,190.4199982,2.190002441,15.92993164,0.199996948,-7.570068359,-1.130004883,,FALSE,,,
11/8/2019,260.1400146,1309,145.9600067,1785.880005,190.8399963,0.710021973,2.060058594,1.700012207,-2.319946289,0.419998169,,FALSE,,,
11/11/2019,262.2000122,1298.280029,146.1100006,1771.650024,189.6100006,2.059997559,-10.7199707,0.149993896,-14.22998047,-1.229995728,,FALSE,,,
11/12/2019,261.9599915,1297.209961,147.0700073,1778,194.4700012,-0.240020752,-1.070068359,0.960006714,6.349975586,4.86000061,,FALSE,,,
11/13/2019,264.4700012,1296.180054,147.3099976,1753.109985,193.1900024,2.510009766,-1.029907227,0.239990234,-24.89001465,-1.279998779,,FALSE,,,
11/14/2019,262.6400146,1309.150024,148.0599976,1754.599976,193.1499939,-1.829986572,12.9699707,0.75,1.489990234,-0.040008545,,FALSE,,,
11/15/2019,265.7600098,1333.540039,149.9700012,1739.48999,195.1000061,3.119995117,24.39001465,1.910003662,-15.10998535,1.950012207,,FALSE,,,
11/18/2019,267.1000061,1319.839966,150.3399963,1752.530029,197.3999939,1.339996338,-13.70007324,0.369995117,13.04003906,2.299987793,,FALSE,,,
11/19/2019,266.2900085,1312.589966,150.3899994,1752.790039,199.3200073,-0.809997559,-7.25,0.050003052,0.260009766,1.920013428,,FALSE,,,
11/20/2019,263.1900024,1301.859985,149.6199951,1745.530029,197.5099945,-3.100006104,-10.72998047,-0.770004272,-7.260009766,-1.810012817,,TRUE,,,
11/21/2019,262.0100098,1300.140015,149.4799957,1734.709961,197.9299927,-1.179992676,-1.719970703,-0.13999939,-10.82006836,0.419998169,,FALSE,,,
11/22/2019,261.7799988,1293.670044,149.5899963,1745.719971,198.8200073,-0.230010986,-6.469970703,0.11000061,11.01000977,0.890014648,,FALSE,,,
11/25/2019,266.3699951,1305.640015,151.2299957,1773.839966,199.7899933,4.589996338,11.9699707,1.63999939,28.11999512,0.969985962,,TRUE,,,
11/26/2019,264.2900085,1313,152.0299988,1796.939941,198.9700012,-2.079986572,7.359985352,0.800003052,23.09997559,-0.819992065,,FALSE,,,
11/27/2019,267.8399963,1312.130005,152.3200073,1818.51001,202,3.549987793,-0.869995117,0.290008545,21.57006836,3.029998779,,FALSE,,,
11/29/2019,267.25,1304.089966,151.3800049,1800.800049,201.6399994,-0.589996338,-8.040039063,-0.940002441,-17.70996094,-0.36000061,,TRUE,,,
12/2/2019,264.1600037,1288.859985,149.5500031,1781.599976,199.6999969,-3.089996338,-15.22998047,-1.830001831,-19.20007324,-1.940002441,,TRUE,,,
12/3/2019,259.4500122,1294.73999,149.3099976,1769.959961,198.8200073,-4.709991455,5.880004883,-0.240005493,-11.64001465,-0.879989624,,FALSE,,,
12/4/2019,261.7399902,1318.939941,149.8500061,1760.689941,198.7100067,2.289978027,24.19995117,0.540008545,-9.270019531,-0.11000061,,FALSE,,,
12/5/2019,265.5799866,1326.959961,149.9299927,1740.47998,199.3600006,3.839996338,8.020019531,0.079986572,-20.20996094,0.649993896,,FALSE,,,
12/6/2019,270.7099915,1339.390015,151.75,1751.599976,201.0500031,5.130004883,12.43005371,1.820007324,11.11999512,1.690002441,,TRUE,,,
12/9/2019,266.9200134,1342.98999,151.3600006,1749.51001,201.3399963,-3.789978027,3.599975586,-0.38999939,-2.08996582,0.289993286,,FALSE,,,
12/10/2019,268.480011,1342.890015,151.1300049,1739.209961,200.8699951,1.559997559,-0.099975586,-0.229995728,-10.30004883,-0.470001221,,FALSE,,,
12/11/2019,270.769989,1344.25,151.6999969,1748.719971,202.2599945,2.289978027,1.359985352,0.569992065,9.510009766,1.38999939,,TRUE,,,
12/12/2019,271.4599915,1348.48999,153.2400055,1760.329956,196.75,0.690002441,4.239990234,1.540008545,11.60998535,-5.509994507,,FALSE,,,
12/13/2019,275.1499939,1346.869995,154.5299988,1760.939941,194.1100006,3.690002441,-1.619995117,1.289993286,0.609985352,-2.63999939,,FALSE,,,
12/16/2019,279.8599854,1360.699951,155.5299988,1769.209961,197.9199982,4.709991455,13.82995605,1,8.270019531,3.809997559,,TRUE,,,
12/17/2019,280.4100037,1354.890015,154.6900024,1790.660034,198.3899994,0.550018311,-5.809936523,-0.839996338,21.45007324,0.470001221,,FALSE,,,
12/18/2019,279.7399902,1351.910034,154.3699951,1784.030029,202.5,-0.670013428,-2.979980469,-0.320007324,-6.630004883,4.11000061,,FALSE,,,
12/19/2019,280.019989,1356.439941,155.7100067,1792.280029,206.0599976,0.279998779,4.529907227,1.340011597,8.25,3.559997559,,TRUE,,,
12/20/2019,279.4400024,1351.219971,157.4100037,1786.5,206.3000031,-0.579986572,-5.219970703,1.699996948,-5.780029297,0.240005493,,FALSE,,,
12/23/2019,284,1350.630005,157.4100037,1793,206.1799927,4.559997559,-0.58996582,0,6.5,-0.120010376,,FALSE,,,
12/24/2019,284.269989,1344.430054,157.3800049,1789.209961,205.1199951,0.269989014,-6.199951172,-0.029998779,-3.790039063,-1.059997559,,FALSE,,,
12/26/2019,289.9100037,1362.469971,158.6699982,1868.77002,207.7899933,5.640014648,18.03991699,1.289993286,79.56005859,2.669998169,,TRUE,,,
12/27/2019,289.7999878,1354.640015,158.9600067,1869.800049,208.1000061,-0.110015869,-7.829956055,0.290008545,1.030029297,0.310012817,,FALSE,,,
12/30/2019,291.519989,1339.709961,157.5899963,1846.890015,204.4100037,1.720001221,-14.93005371,-1.370010376,-22.91003418,-3.690002441,,FALSE,,,
12/31/2019,293.6499939,1339.390015,157.6999969,1847.839966,205.25,2.130004883,-0.319946289,0.11000061,0.949951172,0.839996338,,FALSE,,,
1/2/2020,300.3500061,1368.680054,160.6199951,1898.01001,209.7799988,6.700012207,29.29003906,2.919998169,50.17004395,4.529998779,,TRUE,,,
1/3/2020,297.4299927,1361.52002,158.6199951,1874.969971,208.6699982,-2.920013428,-7.16003418,-2,-23.04003906,-1.11000061,,TRUE,,,
1/6/2020,299.7999878,1397.810059,159.0299988,1902.880005,212.6000061,2.369995117,36.29003906,0.410003662,27.91003418,3.930007935,,TRUE,,,
1/7/2020,298.3900146,1395.109985,157.5800018,1906.859985,213.0599976,-1.409973145,-2.700073242,-1.449996948,3.979980469,0.459991455,,FALSE,,,
1/8/2020,303.1900024,1405.040039,160.0899963,1891.969971,215.2200012,4.799987793,9.930053711,2.509994507,-14.89001465,2.160003662,,FALSE,,,
1/9/2020,309.6300049,1419.790039,162.0899963,1901.050049,218.3000031,6.440002441,14.75,2,9.080078125,3.080001831,,TRUE,,,
1/10/2020,310.3299866,1428.959961,161.3399963,1883.160034,218.0599976,0.699981689,9.169921875,-0.75,-17.89001465,-0.240005493,,FALSE,,,
1/13/2020,316.9599915,1440.030029,163.2799988,1891.300049,221.9100037,6.630004883,11.07006836,1.940002441,8.140014648,3.850006104,,TRUE,,,
1/14/2020,312.6799927,1430.589966,162.1300049,1869.439941,219.0599976,-4.279998779,-9.440063477,-1.149993896,-21.86010742,-2.850006104,,TRUE,,,
1/15/2020,311.3399963,1439.199951,163.1799927,1862.02002,221.1499939,-1.339996338,8.609985352,1.049987793,-7.419921875,2.089996338,,FALSE,,,
1/16/2020,315.2399902,1450.160034,166.1699982,1877.939941,221.7700043,3.899993896,10.96008301,2.990005493,15.91992188,0.620010376,,TRUE,,,
1/17/2020,318.730011,1479.52002,167.1000061,1864.719971,222.1399994,3.490020752,29.35998535,0.930007935,-13.2199707,0.369995117,,FALSE,,,
1/21/2020,316.5700073,1482.25,166.5,1892,221.4400024,-2.160003662,2.729980469,-0.600006104,27.2800293,-0.699996948,,FALSE,,,
1/22/2020,317.7000122,1483.869995,165.6999969,1887.459961,221.3200073,1.130004883,1.619995117,-0.800003052,-4.540039063,-0.119995117,,FALSE,,,
1/23/2020,319.230011,1484.689941,166.7200012,1884.579956,219.7599945,1.529998779,0.819946289,1.020004272,-2.880004883,-1.560012817,,FALSE,,,
1/24/2020,318.3099976,1466.170044,165.0399933,1861.640015,217.9400024,-0.920013428,-18.51989746,-1.680007935,-22.93994141,-1.819992065,,TRUE,,,
1/27/2020,308.9500122,1431.72998,162.2799988,1828.339966,214.8699951,-9.359985352,-34.44006348,-2.759994507,-33.30004883,-3.070007324,,TRUE,,,
1/28/2020,317.6900024,1450.5,165.4600067,1853.25,217.7899933,8.739990234,18.77001953,3.180007935,24.91003418,2.919998169,,TRUE,,,
1/29/2020,324.3399963,1456.699951,168.0399933,1858,223.2299957,6.649993896,6.199951172,2.579986572,4.75,5.440002441,,TRUE,,,
1/30/2020,323.8699951,1454.25,172.7799988,1870.680054,209.5299988,-0.470001221,-2.449951172,4.740005493,12.68005371,-13.69999695,,FALSE,,,
1/31/2020,309.5100098,1432.780029,170.2299957,2008.719971,201.9100037,-14.35998535,-21.4699707,-2.550003052,138.039917,-7.619995117,,FALSE,,,
2/3/2020,308.6600037,1482.599976,174.3800049,2004.199951,204.1900024,-0.850006104,49.81994629,4.150009155,-4.520019531,2.279998779,,FALSE,,,
2/4/2020,318.8500061,1445.410034,180.1199951,2049.669922,209.8300018,10.19000244,-37.18994141,5.739990234,45.4699707,5.63999939,,FALSE,,,
2/5/2020,321.4500122,1446.050049,179.8999939,2039.869995,210.1100006,2.600006104,0.640014648,-0.220001221,-9.799926758,0.279998779,,FALSE,,,
2/6/2020,325.2099915,1475.969971,183.6300049,2050.22998,210.8500061,3.759979248,29.91992188,3.730010986,10.35998535,0.740005493,,TRUE,,,
2/7/2020,320.0299988,1479.109985,183.8899994,2079.280029,212.3300018,-5.179992676,3.140014648,0.259994507,29.05004883,1.479995728,,FALSE,,,
2/10/2020,321.5499878,1508.660034,188.6999969,2133.909912,213.0599976,1.519989014,29.55004883,4.809997559,54.62988281,0.729995728,,TRUE,,,
2/11/2020,319.6099854,1510.060059,184.4400024,2150.800049,207.1900024,-1.940002441,1.400024414,-4.259994507,16.89013672,-5.869995117,,FALSE,,,
2/12/2020,327.2000122,1518.630005,184.7100067,2160,210.7599945,7.590026855,8.569946289,0.270004272,9.199951172,3.569992065,,TRUE,,,
2/13/2020,324.8699951,1513.390015,183.7100067,2149.870117,213.1399994,-2.33001709,-5.239990234,-1,-10.12988281,2.380004883,,FALSE,,,
2/14/2020,324.9500122,1518.72998,185.3500061,2134.870117,214.1799927,0.08001709,5.33996582,1.63999939,-15,1.039993286,,FALSE,,,
2/18/2020,319,1519.439941,187.2299957,2155.669922,217.8000031,-5.950012207,0.709960938,1.879989624,20.79980469,3.620010376,,FALSE,,,
2/19/2020,323.6199951,1524.869995,187.2799988,2170.219971,217.4900055,4.619995117,5.430053711,0.050003052,14.55004883,-0.309997559,,FALSE,,,
2/20/2020,320.2999878,1516.98999,184.4199982,2153.100098,214.5800018,-3.320007324,-7.880004883,-2.86000061,-17.11987305,-2.910003662,,TRUE,,,
2/21/2020,313.0499878,1483.459961,178.5899963,2095.969971,210.1799927,-7.25,-33.5300293,-5.830001831,-57.13012695,-4.400009155,,TRUE,,,
2/24/2020,298.1799927,1419.859985,170.8899994,2009.290039,200.7200012,-14.86999512,-63.59997559,-7.699996948,-86.67993164,-9.459991455,,TRUE,,,
2/25/2020,288.0799866,1386.319946,168.0700073,1972.73999,196.7700043,-10.1000061,-33.54003906,-2.819992065,-36.55004883,-3.949996948,,TRUE,,,
2/26/2020,292.6499939,1390.469971,170.1699982,1979.589966,197.1999969,4.570007324,4.150024414,2.099990845,6.849975586,0.429992676,,TRUE,,,
2/27/2020,273.519989,1314.949951,158.1799927,1884.300049,189.75,-19.13000488,-75.52001953,-11.99000549,-95.28991699,-7.449996948,,TRUE,,,
2/28/2020,273.3599854,1339.25,162.0099945,1883.75,192.4700012,-0.160003662,24.30004883,3.830001831,-0.550048828,2.720001221,,FALSE,,,
3/2/2020,298.8099976,1386.319946,172.7899933,1953.949951,196.4400024,25.45001221,47.06994629,10.77999878,70.19995117,3.970001221,,TRUE,,,
3/3/2020,289.3200073,1337.719971,164.5099945,1908.98999,185.8899994,-9.489990234,-48.59997559,-8.279998779,-44.95996094,-10.55000305,,TRUE,,,
3/4/2020,302.7399902,1381.599976,170.5500031,1975.829956,191.7599945,13.41998291,43.88000488,6.040008545,66.83996582,5.869995117,,TRUE,,,
3/5/2020,292.9200134,1314.76001,166.2700043,1924.030029,185.1699982,-9.819976807,-66.83996582,-4.279998779,-51.79992676,-6.589996338,,TRUE,,,
3/6/2020,289.0299988,1295.73999,161.5700073,1901.089966,181.0899963,-3.890014648,-19.02001953,-4.699996948,-22.94006348,-4.080001831,,TRUE,,,
3/9/2020,266.1700134,1215.790039,150.6199951,1800.609985,169.5,-22.85998535,-79.94995117,-10.95001221,-100.4799805,-11.58999634,,TRUE,,,
3/10/2020,285.3399963,1275.170044,160.9199982,1891.819946,178.1900024,19.16998291,59.38000488,10.30000305,91.20996094,8.690002441,,TRUE,,,
3/11/2020,275.4299927,1210.900024,153.6300049,1820.859985,170.2400055,-9.910003662,-64.27001953,-7.289993286,-70.95996094,-7.949996948,,TRUE,,,
3/12/2020,248.2299957,1111.550049,139.0599976,1676.609985,154.4700012,-27.19999695,-99.34997559,-14.57000732,-144.25,-15.77000427,,TRUE,,,
3/13/2020,277.9700012,1214.27002,158.8300018,1785,170.2799988,29.74000549,102.7199707,19.77000427,108.3900146,15.80999756,,TRUE,,,
3/16/2020,242.2100067,1073,135.4199982,1689.150024,146.0099945,-35.75999451,-141.2700195,-23.41000366,-95.84997559,-24.27000427,,TRUE,,,
3/17/2020,252.8600006,1118.060059,146.5700073,1807.839966,149.4199982,10.6499939,45.06005859,11.15000916,118.6899414,3.410003662,,TRUE,,,
3/18/2020,246.6699982,1091.189941,140.3999939,1830,146.9600067,-6.190002441,-26.87011719,-6.170013428,22.16003418,-2.459991455,,FALSE,,,
3/19/2020,244.7799988,1111.670044,142.7100067,1880.930054,153.1300049,-1.88999939,20.48010254,2.310012817,50.93005371,6.169998169,,FALSE,,,
3/20/2020,229.2400055,1068.209961,137.3500061,1846.089966,149.7299957,-15.53999329,-43.46008301,-5.36000061,-34.84008789,-3.400009155,,TRUE,,,
3/23/2020,224.3699951,1054.130005,135.9799957,1902.829956,148.1000061,-4.870010376,-14.07995605,-1.370010376,56.73999023,-1.629989624,,FALSE,,,
3/24/2020,246.8800049,1130.01001,148.3399963,1940.099976,160.9799957,22.51000977,75.88000488,12.36000061,37.27001953,12.87998962,,TRUE,,,
3/25/2020,245.5200043,1101.619995,146.9199982,1885.839966,156.2100067,-1.36000061,-28.39001465,-1.419998169,-54.26000977,-4.769989014,,TRUE,,,
3/26/2020,258.4400024,1162.920044,156.1100006,1955.48999,163.3399963,12.91999817,61.30004883,9.190002441,69.65002441,7.129989624,,TRUE,,,
3/27/2020,247.7400055,1110.26001,149.6999969,1900.099976,156.7899933,-10.69999695,-52.66003418,-6.410003662,-55.39001465,-6.550003052,,TRUE,,,
3/30/2020,254.8099976,1146.310059,160.2299957,1963.949951,165.9499969,7.069992065,36.05004883,10.52999878,63.84997559,9.160003662,,TRUE,,,
3/31/2020,254.2899933,1161.949951,157.7100067,1949.719971,166.8000031,-0.520004272,15.63989258,-2.519989014,-14.22998047,0.850006104,,FALSE,,,
4/1/2020,240.9100037,1102.099976,152.1100006,1907.699951,159.6000061,-13.37998962,-59.84997559,-5.600006104,-42.02001953,-7.199996948,,TRUE,,,
4/2/2020,244.9299927,1117.030029,155.2599945,1918.829956,158.1900024,4.019989014,14.93005371,3.149993896,11.13000488,-1.410003662,,FALSE,,,
4/3/2020,241.4100037,1092.699951,153.8300018,1906.589966,154.1799927,-3.519989014,-24.33007813,-1.429992676,-12.23999023,-4.010009766,,TRUE,,,
4/6/2020,262.4700012,1183.189941,165.2700043,1997.589966,165.5500031,21.05999756,90.48999023,11.44000244,91,11.37001038,,TRUE,,,
4/7/2020,259.4299927,1182.560059,163.4900055,2011.599976,168.8300018,-3.040008545,-0.629882813,-1.779998779,14.01000977,3.279998779,,FALSE,,,
4/8/2020,266.0700073,1207,165.1300049,2043,174.2799988,6.640014648,24.43994141,1.63999939,31.40002441,5.449996948,,TRUE,,,
4/9/2020,267.9899902,1206.569946,165.1399994,2042.76001,175.1900024,1.91998291,-0.430053711,0.009994507,-0.239990234,0.910003662,,FALSE,,,
4/13/2020,273.25,1210.410034,165.5099945,2168.870117,174.7899933,5.260009766,3.840087891,0.369995117,126.1101074,-0.400009155,,FALSE,,,
4/14/2020,287.0499878,1265.22998,173.6999969,2283.320068,178.1699982,13.79998779,54.81994629,8.190002441,114.4499512,3.380004883,,TRUE,,,
4/15/2020,284.4299927,1257.300049,171.8800049,2307.679932,176.9700012,-2.619995117,-7.929931641,-1.819992065,24.35986328,-1.199996948,,FALSE,,,
4/16/2020,286.6900024,1257.430054,177.0399933,2408.189941,176.25,2.260009766,0.130004883,5.159988403,100.5100098,-0.720001221,,FALSE,,,
4/17/2020,282.7999878,1279,178.6000061,2375,179.2400055,-3.890014648,21.56994629,1.560012817,-33.18994141,2.990005493,,FALSE,,,
4/20/2020,276.9299927,1261.150024,175.0599976,2393.610107,178.2400055,-5.869995117,-17.84997559,-3.540008545,18.61010742,-1,,FALSE,,,
4/21/2020,268.3699951,1212.160034,167.8200073,2328.120117,170.8000031,-8.559997559,-48.98999023,-7.239990234,-65.48999023,-7.440002441,,TRUE,,,
4/22/2020,276.1000061,1258.410034,173.5200043,2363.48999,182.2799988,7.730010986,46.25,5.699996948,35.36987305,11.47999573,,TRUE,,,
4/23/2020,275.0299988,1271.170044,171.4199982,2399.449951,185.1300049,-1.070007324,12.76000977,-2.100006104,35.95996094,2.850006104,,FALSE,,,
4/24/2020,282.9700012,1276.599976,174.5500031,2410.219971,190.0700073,7.940002441,5.429931641,3.130004883,10.77001953,4.940002441,,TRUE,,,
4/27/2020,283.1700134,1270.859985,174.0500031,2376,187.5,0.200012207,-5.739990234,-0.5,-34.2199707,-2.570007324,,FALSE,,,
4/28/2020,278.5799866,1232.589966,169.8099976,2314.080078,182.9100037,-4.590026855,-38.27001953,-4.240005493,-61.91992188,-4.589996338,,TRUE,,,
4/29/2020,287.730011,1342.180054,177.4299927,2372.709961,194.1900024,9.150024414,109.5900879,7.619995117,58.62988281,11.27999878,,TRUE,,,
